{
  "card_region": [
    0,
    0,
    1622,
    1020
  ],
  "fields": {
    "national_id": {
      "x": 493,
      "y": 244,
      "width": 292,
      "height": 58,
      "rel_bbox": [
        0.3039457459926017,
        0.23921568627450981,
        0.18002466091245375,
        0.056862745098039215
      ],
      "font_scale": 0.7,
      "offset_y": 16,
      "justification": "center",
      "arabic": false,
      "color": "#000000",
      "colorIndicator": "#ff6b6b"
    },
    "place_of_issue": {
      "x": 857,
      "y": 290,
      "width": 494,
      "height": 54,
      "rel_bbox": [
        0.5283600493218249,
        0.28431372549019607,
        0.30456226880394577,
        0.052941176470588235
      ],
      "font_scale": 0.7,
      "offset_y": -8,
      "justification": "right",
      "arabic": true,
      "color": "#000000",
      "colorIndicator": "#4ecdc4"
    },
    "date_of_issue": {
      "x": 1087,
      "y": 358,
      "width": 260,
      "height": 52,
      "rel_bbox": [
        0.6701602959309494,
        0.3509803921568627,
        0.16029593094944514,
        0.050980392156862744
      ],
      "font_scale": 0.7,
      "offset_y": 21,
      "justification": "right",
      "arabic": false,
      "color": "#000000",
      "colorIndicator": "#45b7d1"
    },
    "date_of_expiry": {
      "x": 1089,
      "y": 430,
      "width": 258,
      "height": 50,
      "rel_bbox": [
        0.6713933415536375,
        0.4215686274509804,
        0.15906288532675708,
        0.049019607843137254
      ],
      "font_scale": 0.7,
      "offset_y": 13,
      "justification": "right",
      "arabic": false,
      "color": "#000000",
      "colorIndicator": "#96ceb4"
    },
    "personal_id": {
      "x": 805,
      "y": 592,
      "width": 470,
      "height": 48,
      "rel_bbox": [
        0.4963008631319359,
        0.5803921568627451,
        0.28976572133168926,
        0.047058823529411764
      ],
      "font_scale": 0.7,
      "offset_y": 27,
      "justification": "right",
      "arabic": false,
      "color": "#000000",
      "colorIndicator": "#ffeaa7"
    },
    "surname": {
      "x": 1197,
      "y": 660,
      "width": 264,
      "height": 46,
      "rel_bbox": [
        0.7379778051787916,
        0.6470588235294118,
        0.16276202219482122,
        0.045098039215686274
      ],
      "font_scale": 0.7,
      "offset_y": -15,
      "justification": "right",
      "arabic": true,
      "color": "#000000",
      "colorIndicator": "#dfe6e9"
    },
    "given_names": {
      "x": 1195,
      "y": 768,
      "width": 264,
      "height": 44,
      "rel_bbox": [
        0.7367447595561035,
        0.7529411764705882,
        0.16276202219482122,
        0.043137254901960784
      ],
      "font_scale": 0.7,
      "offset_y": -4,
      "justification": "right",
      "arabic": true,
      "color": "#000000",
      "colorIndicator": "#b2bec3"
    },
    "sex": {
      "x": 841,
      "y": 878,
      "width": 80,
      "height": 50,
      "rel_bbox": [
        0.5184956843403206,
        0.8607843137254902,
        0.04932182490752158,
        0.049019607843137254
      ],
      "font_scale": 0.7,
      "offset_y": -15,
      "justification": "right",
      "arabic": true,
      "color": "#000000",
      "colorIndicator": "#fab1a0"
    },
    "date_of_birth": {
      "x": 1115,
      "y": 872,
      "width": 254,
      "height": 52,
      "rel_bbox": [
        0.687422934648582,
        0.8549019607843137,
        0.15659679408138102,
        0.050980392156862744
      ],
      "font_scale": 0.7,
      "offset_y": 20,
      "justification": "right",
      "arabic": false,
      "color": "#000000",
      "colorIndicator": "#a29bfe"
    },
    "blood_group": {
      "x": 635,
      "y": 880,
      "width": 88,
      "height": 44,
      "rel_bbox": [
        0.3914919852034525,
        0.8627450980392157,
        0.05425400739827373,
        0.043137254901960784
      ],
      "font_scale": 0.7,
      "offset_y": 10,
      "justification": "left",
      "arabic": false,
      "color": "#000000",
      "colorIndicator": "#55efc4"
    },
    "place_of_birth": {
      "x": 1115,
      "y": 936,
      "width": 254,
      "height": 46,
      "rel_bbox": [
        0.687422934648582,
        0.9176470588235294,
        0.15659679408138102,
        0.045098039215686274
      ],
      "font_scale": 0.7,
      "offset_y": -11,
      "justification": "right",
      "arabic": true,
      "color": "#000000",
      "colorIndicator": "#81ecec"
    }
  }
}